,Min EVI,Max EVI,Mean EVI,Standard Deviation EVI,Median EVI,Count
2021-01-09 18:57:51,-0.04009238,0.4605216,0.1705417,0.056567386,0.16485187,13157
2021-01-14 18:57:29,0.03261404,0.44521067,0.1703826,0.05812239,0.16221467,13168
2021-01-16 18:45:26,0.03213295,0.49313956,0.18570216,0.059118953,0.17750762,13188
2021-01-17 19:07:29,0.025769897,0.4898797,0.17127815,0.061588753,0.15995187,13198
2021-01-19 18:57:11,0.024551423,0.47175455,0.17563018,0.05823333,0.1646356,13249
2021-01-23 18:51:36,0.010961946,0.54296505,0.18009962,0.06967634,0.16899745,13182
2021-02-06 19:05:49,0.035619754,0.5570234,0.19285218,0.077617265,0.17156768,13080
2021-02-13 18:54:59,0.020015847,0.62471837,0.20612726,0.086149655,0.18800013,13141
2021-02-16 19:04:39,-0.013323248,0.64368045,0.20840617,0.08770388,0.18758005,13167
2021-02-17 18:45:20,0.026234254,0.7165661,0.22247767,0.09159914,0.20147511,13121
2021-02-21 19:04:11,0.011757664,0.71498346,0.22060682,0.09091744,0.1971086,13179
2021-02-23 18:53:49,0.03804755,0.71791327,0.2246251,0.091106884,0.2001794,13198
2021-02-24 18:51:28,0.022907687,0.7791838,0.22556457,0.09510418,0.20053539,13164
2021-02-26 19:03:39,0.0036814348,0.74948037,0.22308405,0.09176821,0.19756058,13211
2021-02-28 18:53:21,0.0343649,0.75663424,0.2283607,0.091051325,0.20385554,13221
2021-03-05 18:45:13,0.01313778,0.858416,0.23498449,0.08467649,0.21564186,12658
2021-03-05 18:52:39,0.015321561,0.72209775,0.2274138,0.08128677,0.20769572,13294
2021-03-12 18:51:20,0.012764672,0.9377915,0.24823062,0.101305924,0.23076609,13170
2021-03-13 19:01:51,0.038834564,0.87324744,0.25108337,0.099310555,0.23183024,13121
2021-03-15 18:50:39,0.2038053,0.6972134,0.40580463,0.09376201,0.38701686,734
2021-03-20 18:50:51,0.043456525,0.8649782,0.26464626,0.10391372,0.24761486,13177
2021-03-21 18:45:05,-0.006821917,0.90524685,0.27258584,0.09931264,0.25725496,13182
2021-03-23 19:00:41,0.038840573,0.9019887,0.2774786,0.105349675,0.2588536,13006
2021-03-25 18:49:29,0.03845553,0.8821223,0.27696332,0.10480923,0.26096398,13225
2021-03-28 18:51:15,0.006719809,0.99822474,0.29195917,0.110388115,0.27875262,13203
2021-03-28 18:59:39,0.02440976,0.9109086,0.28866294,0.10831456,0.27609086,13248
2021-03-30 18:49:41,0.057684068,0.76297104,0.291695,0.10409934,0.28283072,13255
2021-04-02 18:59:21,0.051642317,0.6742295,0.2974987,0.09851625,0.3000914,13291
2021-04-04 18:49:19,0.16750947,0.72236925,0.4114671,0.12061583,0.40991688,218
2021-04-06 18:45:01,0.022400815,0.73167753,0.32744318,0.10929857,0.32725427,13227
2021-04-07 18:59:19,0.04553057,0.7283947,0.3156407,0.10251544,0.31921497,13746
2021-04-09 18:49:11,0.055052042,0.7479032,0.33039486,0.102836736,0.3288133,13265
2021-04-12 18:59:11,0.032056026,0.7108727,0.34897438,0.103016384,0.35107982,13263
2021-04-13 18:51:09,-0.0077597005,0.6781471,0.35202685,0.10565473,0.3526532,13228
2021-04-14 18:49:19,0.055378847,0.6829858,0.36046332,0.10480796,0.35728794,13250
2021-04-17 18:59:09,0.06053634,0.68596494,0.38027915,0.10329877,0.3790673,13254
2021-04-19 18:49:11,0.05472008,0.72211915,0.4057633,0.1083779,0.4067939,13255
2021-04-22 18:44:54,0.019640319,0.7568375,0.43687075,0.1188077,0.4506355,13232
2021-04-22 18:59:11,0.027772404,0.7480407,0.42736787,0.1094722,0.44052097,13299
2021-04-27 18:59:09,0.030002415,0.7454922,0.43620715,0.11842557,0.45370206,12981
2021-04-29 18:49:21,0.536641,0.609752,0.57455635,0.025077827,0.5778328,12
2021-04-29 18:51:01,0.012586534,0.74878305,0.46093565,0.12584743,0.4791136,13233
2021-05-02 18:59:11,0.023381747,0.7207644,0.4486063,0.1298648,0.4676928,13356
2021-05-04 18:49:19,0.033308532,0.7600453,0.4688552,0.13732694,0.48542988,13237
2021-05-07 18:59:19,0.011915037,0.72799253,0.452087,0.14200214,0.46752864,13436
2021-05-08 18:44:47,-0.0015154575,0.7918084,0.4760637,0.15122579,0.48704025,13259
2021-05-09 18:49:21,0.0229609,0.73964393,0.45493263,0.14787051,0.46855032,13504
2021-05-12 18:59:21,0.02306694,0.7171179,0.42323473,0.13608614,0.4341628,13304
2021-05-14 18:49:19,0.05098571,0.77685416,0.47945565,0.15773347,0.4950005,13256
2021-05-15 18:51:03,0.037858743,0.42974937,0.24411228,0.06791223,0.23998715,832
2021-05-17 18:59:19,0.027281735,0.73302656,0.44062287,0.15554753,0.4596492,13632
2021-05-19 18:49:21,0.053804345,0.7577128,0.46763906,0.15874687,0.48422775,13248
2021-05-22 18:59:21,0.018898359,0.77468574,0.45758703,0.16059807,0.4733252,13426
2021-05-24 18:44:57,0.023744741,0.85005605,0.4888172,0.17093533,0.5042792,13219
2021-05-24 18:49:19,0.04103312,0.74299484,0.44526908,0.1572925,0.45043394,10231
2021-05-27 18:59:19,0.0019712641,0.79020625,0.45375893,0.1552417,0.47055984,13416
2021-05-29 18:49:21,0.04399944,0.7935288,0.47145212,0.15468022,0.48686916,13265
2021-05-31 18:51:12,0.0046869237,0.8597779,0.46541584,0.1572283,0.4815373,13214
2021-06-01 18:59:21,0.041640546,0.7417804,0.439285,0.14139588,0.45892155,13197
2021-06-03 18:49:19,0.0519031,0.8211228,0.47191578,0.15673018,0.4875519,13248
2021-06-06 18:59:19,-0.0019509243,0.8213168,0.44542003,0.15581216,0.4673162,13415
2021-06-08 18:49:21,0.022185016,0.8146403,0.46297732,0.15390778,0.47880888,13292
2021-06-09 18:45:05,0.0030214516,0.8292024,0.444553,0.15997216,0.46205014,10454
2021-06-11 18:59:21,0.003804694,0.7811468,0.4609802,0.14598994,0.4818102,12003
2021-06-13 18:49:19,0.030661412,0.8338085,0.4643276,0.15732363,0.48098153,13259
2021-06-16 18:51:18,0.012070019,0.88597333,0.45337388,0.15750206,0.47137162,13212
2021-06-16 18:59:19,0.0006373278,0.83476675,0.44140074,0.15458757,0.46124396,13367
2021-06-18 18:49:21,0.038775217,0.826076,0.45919394,0.15960221,0.4770331,13253
2021-06-21 18:59:21,0.0074413707,0.8121812,0.4310894,0.16042899,0.45183164,13594
2021-06-23 18:49:19,0.023794359,0.8167918,0.45349443,0.16051751,0.4707933,13254
2021-06-25 18:45:09,0.025348535,0.88030374,0.4696853,0.17015928,0.48253363,13229
2021-06-26 18:59:19,0.008647986,0.81975883,0.4403651,0.15697506,0.45981452,13383
2021-06-28 18:49:21,0.052361343,0.81176925,0.46566108,0.16161992,0.48264915,13255
2021-07-01 18:59:21,0.012156257,0.78715026,0.44606405,0.16157511,0.46486202,13587
2021-07-02 18:51:21,0.009915353,0.8485282,0.45458594,0.15820019,0.4656339,13236
2021-07-06 18:59:19,0.015896244,0.8108514,0.4413086,0.15963912,0.45633402,13455
2021-07-08 18:49:21,0.049141865,0.8308182,0.46427393,0.1624606,0.48213333,13251
2021-07-11 18:45:11,0.023742605,0.8300228,0.4661152,0.17477277,0.47397804,13216
2021-07-11 18:59:21,0.008150985,0.7957299,0.44103312,0.15958293,0.45585787,13330
2021-07-13 18:49:19,0.034323353,0.78090423,0.44916856,0.1610539,0.45788196,13252
2021-07-16 18:59:19,0.04359011,0.68339616,0.41107684,0.12233212,0.42823893,13394
2021-07-18 18:49:21,0.035521507,0.76172894,0.4273705,0.15106486,0.440121,13257
2021-07-18 18:51:24,0.016551662,0.79739743,0.41727665,0.1499667,0.42837372,13224
2021-07-21 18:59:21,0.028686987,0.7943088,0.41987902,0.14726853,0.4361761,13309
2021-07-23 18:49:19,0.04093712,0.71337306,0.41506988,0.13805293,0.4309512,13536
2021-07-26 18:59:19,0.032814957,0.72978234,0.41516212,0.13469443,0.4361962,12968
2021-07-28 18:49:21,0.042895623,0.75934577,0.4337871,0.14208487,0.44708732,13294
2021-07-31 18:59:21,0.024166489,0.7807319,0.42172298,0.14248449,0.4423621,13497
2021-08-02 18:49:19,0.04118459,0.72234833,0.4087224,0.12943459,0.43085262,13691
2021-08-03 18:51:32,0.03286714,0.8393752,0.42997268,0.14863974,0.44569507,13033
2021-08-05 18:59:19,0.02440405,0.72487646,0.40719205,0.13005018,0.43103608,13522
2021-08-07 18:49:21,0.18566027,0.71772605,0.42284018,0.09496155,0.43541864,13085
2021-08-10 18:59:21,0.042424854,0.71307135,0.40590706,0.120560996,0.4313598,13630
2021-08-12 18:45:24,0.18456085,0.5166278,0.37769625,0.07180364,0.38436532,2843
2021-08-12 18:49:19,0.19103393,0.56345993,0.38553986,0.0648369,0.39400205,12177
2021-08-19 18:51:37,0.10140477,0.3834343,0.2663465,0.053323243,0.27038652,842
2021-08-20 18:59:21,0.20339741,0.607409,0.4058376,0.0786984,0.4207796,7856
2021-08-22 18:49:19,0.04845535,0.66424793,0.39095765,0.11104542,0.41466942,13506
2021-08-25 18:59:19,0.030741068,0.7202495,0.38478196,0.11913631,0.40909147,13338
2021-08-28 18:45:29,0.19990496,0.5794933,0.36576852,0.07257954,0.3780107,6686
2021-08-30 18:59:21,0.042483978,0.7174618,0.38701624,0.11336501,0.4048939,13341
2021-09-01 18:49:19,0.060223684,0.7332503,0.37920228,0.122521095,0.3934318,13295
2021-09-04 18:51:42,0.019689705,0.73130476,0.36544055,0.11372295,0.37504077,13258
2021-09-04 18:59:09,0.051240295,0.709214,0.3652445,0.11118578,0.3776409,13316
2021-09-06 18:49:21,0.033129342,0.71134186,0.37681895,0.12001518,0.3920104,13349
2021-09-09 18:59:31,0.11376739,0.6038978,0.42179084,0.08378362,0.4336297,1992
2021-09-11 18:49:29,0.049679212,0.73147535,0.39844626,0.127415,0.41278762,13273
2021-09-13 18:45:33,0.073508546,0.69211733,0.40163296,0.1083581,0.41389966,13312
2021-09-14 18:59:29,0.054073896,0.7071359,0.38852924,0.11597569,0.4053902,13312
2021-09-16 18:50:21,0.03219705,0.7005755,0.39307973,0.12274402,0.4113839,13314
2021-09-19 19:00:51,0.10103368,0.7085825,0.4105624,0.12803385,0.43868738,6275
2021-09-20 18:51:45,0.023881307,0.75940496,0.38808802,0.13004148,0.40701264,13109
2021-09-21 18:49:59,0.052576624,0.6839424,0.38461348,0.119927175,0.40467218,13281
2021-09-24 19:00:29,0.04363421,0.71955657,0.37525845,0.12371632,0.39469042,13248
2021-09-26 18:51:31,0.043066815,0.71975523,0.38055184,0.123603895,0.40005222,13247
2021-09-29 18:45:37,0.031565413,0.7519316,0.37958544,0.12527874,0.39498863,13205
2021-09-29 19:02:01,0.042348005,0.7116247,0.36693653,0.116821036,0.38422602,13244
2021-10-01 18:51:19,0.042584445,0.69117343,0.36381847,0.11529663,0.38113296,13243
2021-10-04 19:02:39,0.055687904,0.6695374,0.35567376,0.104111984,0.37313712,13272
2021-10-09 19:03:11,0.042377602,0.7028098,0.34541303,0.106244355,0.3569873,13242
2021-10-11 18:53:19,0.03662871,0.69616497,0.3483746,0.110204026,0.36465174,13235
2021-10-14 19:03:49,0.039069608,0.70053035,0.3486367,0.109549776,0.36498937,13235
2021-10-15 18:45:42,0.038726322,0.7565427,0.36085138,0.11655845,0.37430227,13209
2021-10-16 18:54:01,0.04174942,0.6799283,0.3525576,0.110626124,0.36720598,13239
2021-10-29 19:05:21,0.11565645,0.67575145,0.39419296,0.08265147,0.40392345,4305
2021-10-31 18:45:42,0.14381142,0.52336764,0.29660574,0.07528375,0.28755695,150
2021-10-31 18:55:29,0.461138,0.6041527,0.55994385,0.040522743,0.56951785,9
2021-11-03 19:05:49,0.049120903,0.7395181,0.33604002,0.10158109,0.35224575,13168
2021-11-07 18:51:51,0.033432778,0.75473344,0.344209,0.105374426,0.35723472,13137
2021-11-13 19:06:39,0.080675915,0.5620349,0.37003475,0.08038368,0.38475397,1991
2021-11-16 18:45:37,0.03288884,0.8885088,0.32934728,0.09483709,0.33653665,13171
2021-11-20 18:56:59,-0.20331845,0.79777807,0.30466008,0.08864915,0.30750382,13199
2021-11-23 18:51:48,0.02612055,0.82958364,0.2837152,0.086089544,0.27549386,13166
2021-11-23 19:07:19,0.017667834,0.8016268,0.28356153,0.083919354,0.27676663,13204
2021-11-25 18:57:21,0.04683187,0.5969418,0.27422023,0.07261697,0.27120966,10126
2021-11-28 19:07:41,0.05057389,0.78840387,0.3316928,0.09366964,0.33247846,2359
2021-11-30 18:57:29,0.0024275603,0.7928177,0.29117122,0.07970564,0.27737254,8747
2021-12-02 18:45:38,0.02583753,1.0145028,0.2641556,0.08447968,0.2493909,13192
2021-12-03 19:07:49,0.028840266,0.8204564,0.24845003,0.08057646,0.23498574,13230
2021-12-05 18:57:51,0.07604784,0.5598512,0.347173,0.075484924,0.35795832,236
2021-12-09 18:51:49,0.022288261,0.9205729,0.24283628,0.08756212,0.22694787,13177
2021-12-10 18:45:37,0.005674563,0.9856557,0.25359863,0.09049857,0.23776075,13179
2021-12-10 18:57:59,-0.14618567,0.8016148,0.24132836,0.08347951,0.22606649,13216
2021-12-17 18:51:44,0.017069064,0.869158,0.23600532,0.090456985,0.22059399,13055
2021-12-18 18:45:36,0.053701892,0.435116,0.20018283,0.04141212,0.19964567,10982
